{
  "n_articles": 526,
  "n_bootstrap": 10000,
  "random_seed": 42,
  "descriptive": {
    "vader": {
      "mean": 0.064,
      "std": 0.547,
      "min": -0.9756,
      "p25": -0.3818,
      "median": 0.0,
      "p75": 0.5859,
      "max": 0.967
    },
    "transformer": {
      "mean": -0.1413,
      "std": 0.417,
      "min": -0.8881,
      "p25": -0.4803,
      "median": -0.1233,
      "p75": 0.1128,
      "max": 0.9534
    },
    "diff_t_minus_v": {
      "mean": -0.2053,
      "std": 0.5338,
      "min": -1.6397,
      "p25": -0.5773,
      "median": -0.1513,
      "p75": 0.1611,
      "max": 1.1923
    }
  },
  "full_corpus_bootstrap": {
    "n": 526,
    "observed_mean_diff": -0.2053384030418251,
    "bootstrap_std": 0.023085505241231367,
    "ci_95_lo": -0.2500130655893536,
    "ci_95_hi": -0.1601774477186312,
    "boot_dist_percentiles": {
      "1": -0.2583547680608365,
      "5": -0.24258160646387833,
      "10": -0.2342468631178707,
      "25": -0.22058783269961976,
      "50": -0.20485807984790877,
      "75": -0.18901383079847908,
      "90": -0.17496376425855514,
      "95": -0.1669669771863118,
      "99": -0.1516783022813688
    }
  },
  "subset_bootstraps": {
    "50": [
      {
        "n": 50,
        "observed_mean_diff": -0.22137400000000004,
        "bootstrap_std": 0.07203810154396259,
        "ci_95_lo": -0.36322279999999996,
        "ci_95_hi": -0.0774376,
        "boot_dist_percentiles": {
          "1": -0.39022140000000005,
          "5": -0.3377695,
          "10": -0.311826,
          "25": -0.2688065,
          "50": -0.22105,
          "75": -0.1730005,
          "90": -0.12937759999999998,
          "95": -0.10002850000000003,
          "99": -0.05123069999999995
        }
      },
      {
        "n": 50,
        "observed_mean_diff": -0.142134,
        "bootstrap_std": 0.07309017642521645,
        "ci_95_lo": -0.2850715,
        "ci_95_hi": -0.000819350000000012,
        "boot_dist_percentiles": {
          "1": -0.31192645999999996,
          "5": -0.2615993,
          "10": -0.2362132,
          "25": -0.19175750000000003,
          "50": -0.14282899999999998,
          "75": -0.09323200000000001,
          "90": -0.04741580000000002,
          "95": -0.021765600000000017,
          "99": 0.02697816
        }
      },
      {
        "n": 50,
        "observed_mean_diff": -0.263446,
        "bootstrap_std": 0.07373632754158052,
        "ci_95_lo": -0.4081973,
        "ci_95_hi": -0.11825850000000004,
        "boot_dist_percentiles": {
          "1": -0.4331035600000001,
          "5": -0.38274240000000004,
          "10": -0.35567039999999994,
          "25": -0.31308650000000005,
          "50": -0.263761,
          "75": -0.21359750000000002,
          "90": -0.16724060000000002,
          "95": -0.1406716000000003,
          "99": -0.09107572000000001
        }
      },
      {
        "n": 50,
        "observed_mean_diff": -0.060146000000000005,
        "bootstrap_std": 0.06547638897491205,
        "ci_95_lo": -0.18838810000000003,
        "ci_95_hi": 0.06900729999999998,
        "boot_dist_percentiles": {
          "1": -0.20993006000000003,
          "5": -0.1671989,
          "10": -0.1430018,
          "25": -0.10321400000000001,
          "50": -0.05913,
          "75": -0.013893000000000003,
          "90": 0.024668000000000013,
          "95": 0.048564499999999955,
          "99": 0.09098686000000002
        }
      },
      {
        "n": 50,
        "observed_mean_diff": -0.21172000000000002,
        "bootstrap_std": 0.08280704032466436,
        "ci_95_lo": -0.3753400999999999,
        "ci_95_hi": -0.051730850000000064,
        "boot_dist_percentiles": {
          "1": -0.40705137999999996,
          "5": -0.3497546,
          "10": -0.3184374,
          "25": -0.26804300000000003,
          "50": -0.211455,
          "75": -0.1552695,
          "90": -0.10683200000000002,
          "95": -0.07696750000000013,
          "99": -0.02544685999999989
        }
      }
    ],
    "100": [
      {
        "n": 100,
        "observed_mean_diff": -0.09108200000000002,
        "bootstrap_std": 0.048603365256156966,
        "ci_95_lo": -0.184806825,
        "ci_95_hi": 0.003011149999999949,
        "boot_dist_percentiles": {
          "1": -0.20335199000000004,
          "5": -0.17103064999999998,
          "10": -0.1539237,
          "25": -0.12374800000000001,
          "50": -0.09119700000000003,
          "75": -0.05794500000000001,
          "90": -0.028637100000000016,
          "95": -0.011305400000000078,
          "99": 0.020586470000000016
        }
      },
      {
        "n": 100,
        "observed_mean_diff": -0.15842400000000004,
        "bootstrap_std": 0.051337025394561565,
        "ci_95_lo": -0.2637922,
        "ci_95_hi": -0.06166735000000001,
        "boot_dist_percentiles": {
          "1": -0.28098896999999995,
          "5": -0.24578629999999996,
          "10": -0.2249375,
          "25": -0.19248475,
          "50": -0.1583465,
          "75": -0.12425800000000001,
          "90": -0.09329159999999999,
          "95": -0.07667020000000005,
          "99": -0.04054164999999997
        }
      },
      {
        "n": 100,
        "observed_mean_diff": -0.127718,
        "bootstrap_std": 0.05463685281493089,
        "ci_95_lo": -0.23378569999999999,
        "ci_95_hi": -0.021294975000000015,
        "boot_dist_percentiles": {
          "1": -0.25575855,
          "5": -0.21867029999999998,
          "10": -0.19811009999999996,
          "25": -0.16365975,
          "50": -0.126979,
          "75": -0.08992874999999999,
          "90": -0.05802559999999995,
          "95": -0.03890225000000004,
          "99": -0.0023960899999999727
        }
      },
      {
        "n": 100,
        "observed_mean_diff": -0.25298299999999996,
        "bootstrap_std": 0.054135274970114076,
        "ci_95_lo": -0.35983395000000007,
        "ci_95_hi": -0.14831682500000004,
        "boot_dist_percentiles": {
          "1": -0.3803727599999999,
          "5": -0.3418929500000001,
          "10": -0.32355449999999997,
          "25": -0.29092325,
          "50": -0.2538875,
          "75": -0.216621,
          "90": -0.1851375,
          "95": -0.16684255000000017,
          "99": -0.12813497
        }
      },
      {
        "n": 100,
        "observed_mean_diff": -0.19616899999999998,
        "bootstrap_std": 0.05067643609819013,
        "ci_95_lo": -0.29511817500000004,
        "ci_95_hi": -0.09772822499999999,
        "boot_dist_percentiles": {
          "1": -0.31422305,
          "5": -0.2797586,
          "10": -0.26239560000000006,
          "25": -0.230951,
          "50": -0.19625899999999996,
          "75": -0.16252975,
          "90": -0.13148249999999995,
          "95": -0.11213170000000004,
          "99": -0.07858775999999996
        }
      }
    ],
    "200": [
      {
        "n": 200,
        "observed_mean_diff": -0.21619,
        "bootstrap_std": 0.03847865044765822,
        "ci_95_lo": -0.29186467499999996,
        "ci_95_hi": -0.14120096250000005,
        "boot_dist_percentiles": {
          "1": -0.305111715,
          "5": -0.278830575,
          "10": -0.2651246,
          "25": -0.242229625,
          "50": -0.21569,
          "75": -0.18979250000000003,
          "90": -0.166367,
          "95": -0.15294357500000008,
          "99": -0.12656383499999993
        }
      },
      {
        "n": 200,
        "observed_mean_diff": -0.1905475,
        "bootstrap_std": 0.03703132638109233,
        "ci_95_lo": -0.26374713749999995,
        "ci_95_hi": -0.11881512500000005,
        "boot_dist_percentiles": {
          "1": -0.27831764000000003,
          "5": -0.250742525,
          "10": -0.2376497,
          "25": -0.21465350000000002,
          "50": -0.18960675,
          "75": -0.16463100000000003,
          "90": -0.1430827,
          "95": -0.129722175,
          "99": -0.10298112499999995
        }
      },
      {
        "n": 200,